timestamp,responses
2026-10-07 11:28:48 UTC,3221
2026-10-07 11:40:56 UTC,3224
2026-10-07 12:36:59 UTC,3237
2026-10-07 13:50:09 UTC,3254
2026-10-07 14:21:21 UTC,3264
2026-10-07 15:00:32 UTC,3270
2026-10-07 18:00:32 UTC,3327
2026-10-07 21:00:30 UTC,3380
2026-10-07 21:27:07 UTC,3389
2026-10-08 00:00:32 UTC,3435
2026-10-08 03:00:30 UTC,3485
2026-10-08 06:00:30 UTC,3488
2026-10-08 06:26:34 UTC,3488
2026-10-08 09:00:34 UTC,3492
2026-10-08 12:00:33 UTC,3526
2026-10-08 15:00:32 UTC,3561
2026-10-08 15:46:20 UTC,3576
2026-10-08 18:00:28 UTC,3627
2026-10-08 21:00:33 UTC,3676
2026-10-08 21:25:29 UTC,3679
2026-10-09 00:00:31 UTC,3750
2026-10-09 03:00:29 UTC,3843
2026-10-09 06:00:30 UTC,3867
2026-10-09 06:27:37 UTC,3867
2026-10-09 09:00:33 UTC,3882
2026-10-09 12:00:28 UTC,3961
2026-10-09 15:00:33 UTC,4043
2026-10-09 15:28:10 UTC,4057
2026-10-09 18:00:31 UTC,4116
2026-10-09 21:00:32 UTC,4180
